method,total_return,annual_return,max_drawdown,calmar_ratio,sharpe_ratio,sortino_ratio,time_in_market,turnover_py,num_trades
Majority_66_of_120+fee4.27+tax30.0,47.9789179154733,4.5902381604780835,-0.4305337105539596,10.661739250503546,1.4350929743165437,1.6654225234516864,0.7444950645406226,2.444523532177289,213
